{"hidden_dim": 150, "n_steps": 11, "dropout_rate": 0.17857990353056094, "lr": 0.00011441571010950511, "batch_size": 32, "n_hidden_layers": 5, "lr_scheduler": "StepLR", "activation": "RELU", "step_size": 4, "gamma_step": 0.6762505390617198}